name,id,group,Main
"R. L. Wernli, ""AUVs-the maturity of the technology,"" Seattle, WA, USA, 1999.",Wernli_1999,Robot,
"N. Kato, ""Control performance in the horizontal plane of a fish robot with mechanical pectoral fins,"" IEEE Journal of Oceanic Engineering, vol. 25, pp. 121-129, 2000",Kato_2000,Robot,
"S. Saimek and P. Y. Li, ""Motion planning and control of a swimming machine,"" International Journal of Robotics Research, vol. 23, pp. 27- 53, 2004.",Saimek_Li_2004,Robot,
"M. A. MacIver, E. Fontaine, and J. W. Burdick, ""Designing future underwater vehicles: Principles and mechanisms of the weakly electric fish,"" IEEE Journal of Oceanic Engineering, vol. 29, pp. 651-659, 2004",MacIver_etal_2004,Robot,
"N. E. Leonard, ""Control synthesis and adaptation for an underactuated autonomous underwater vehicle,"" IEEE Journal of Oceanic Engineering, vol. 20, pp. 211-220, 1995",Leonard_1995,Robot,
"P. Y. Li and S. Saimek, ""Modeling and estimation of hydrodynamic potentials,"" in Proceedings of the IEEE Conference on Decision and Control, Phoenix, Arizona, USA, vol. 4, pp. 3253-3258, 1999.",Li_Saimek_1999,Misc,
"K. H. Low and A. Willy, ""Biomimetic motion planning of an undulating robotic fish fin,"" JVC/Journal of Vibration and Control, vol. 12, pp. 1337-1359, 2006.",Low_Willy_2006,Robot,
"""How ships’ traffic noise affects whales in a shipping channel,"" May 2003",Unknown_2003,Misc,
"C. M. Breder, ""The locomotion of fishes,"" Zoologica, vol. 4, pp. 159-297, 1926",Breder_1929,Fish,
"C. C. Lindsey, Form, function and locomotory habits in fish, vol. VII Locomotion. New York: Academic Press, 1978.",Lindsey_1978,Fish,
"Y. Y. G. Taguchi, Y. Wu, Taguchi Methods: Design of Experiments: American Supplier Institute, 1993",Taguchi_Wu_1993,Misc,
"M. Sfakiotakis, D. M. Lane, and J. B. C. Davies, ""Review of fish swimming modes for aquatic locomotion,"" IEEE Journal of Oceanic Engineering, vol. 24, pp. 237-252, 1999.",Sfakiotakis_etal_1999,Fish,
"J. J. Magnuson, ""Locomotion by scombrid fishes: Hydromechanics, morphology and behavior,"" Fish Physiology, vol. 7, pp. 239-313, 1978",Magnuson_1978,Fish,
"Chong, C. W., Zhong, Y., Zhou, C. L., Low, K. H., Gerald Seet, G. L., & Lim, H. B. (2009). Can the swimming thrust of BCF biomimetics fish be enhanced? 2008 IEEE International Conference on Robotics and Biomimetics, ROBIO 2008, 437–442. https://doi.org/10.1109/ROBIO.2009.4913043",Chong_etal_2009,Robot,checked
"Carlton J, Aldwinkle J and Anderson J 2013 Future Ship Powering Options: Exploring Alternative Methods of Ship Propulsion (London: Royal Academy of Engineering)",Carlton_etal_2013,Misc,
"Du R, Li Z, Youcef-Toumi K and Valdivia y Alvarado P (ed) 2015 Robot Fish ( Springer Tracts in Mechanical Engineering) (Berlin: Springer)",Du_etal_2015,Robot,
"van Ginneken V, Antonissen E, Müller U K, Booms R, Eding E, Verreth J and van den Thillart G 2005 Eel migration to the sargasso: remarkably high swimming efficiency and low energy costs J. Exp. Biol. 208 1329–35",van_Ginneken_etal_2005,Fish,
Vorus W S and Taravella B M 2011 Anguilliform fish propulsion of highest hydrodynamic efficiency J. Mar. Sci. Appl. 10 163,Vorus_Taravella_2011,Fish,
Barrett D S 1988 Propulsive efficiency of robotuna PhD Thesis Massachusetts Institute of Technology,Barrett_1988,Robot,
McIsaac K A and Ostrowski J P 2002 Experiments in closed- loop control for an underwater eel-like robot Proc. IEEE Int. Conf. on Robotics and Automation (Cat. No.02CH37292) (IEEE) vol 1 pp 750–5,McIsaac_Ostrowski_2002a,Robot,
"Westphal A, Rulkov N F, Ayers J, Brady D and Hunt M 2011 Controlling a lamprey-based robot with an electronic nervous system Smart Struct. Syst. 8 39–52",Westphal_etal_2011,Robot,
"Stefanini C et al 2012 A novel autonomous, bioinspired swimming robot developed by neuroscientists and bioengineers Bioinspiration Biomimetics 7 025001",Stefanini_etal_2012,Robot,
"Liljeback P, Stavdahl O, Pettersen K Y and Gravdahl J T 2014 Mamba—a waterproof snake robot with tactile sensing In {IEEE}/{RSJ} Inte. Conf. on Intelligent Robots and Systems (Institute of Electrical & Electronics Engineers) (IEEE) (https://doi.org/10.1109/IROS.2014.6942575)",Liljeback_etal_2014,Robot,
"Crespi A, Badertscher A, Guignard A and Ijspeert A J 2005 AmphiBot I: an amphibious snake-like robot Robot. Auton. Syst. 50 163–75",Crespi_etal_2005,Robot,
Crespi A and Ijspeert A J 2006 AmphiBot II: an amphibious snake robot that crawls and swims using a central pattern generator Int. Conf. Climbing and Walking Robots (CLAWAR 2006) pp 19–27,Crespi_Ijspeert_2006,Robot,
"Porez M, Boyer F and Ijspeert A J 2014 Improved Lighthill fish swimming model for bio-inspired robots: modeling, computational aspects and experimental comparisons Int. J. Robot. Res. 33 1322–41",Porez_etal_2014,Robot,
"Yu S, Ma S, Li B and Wang Y 2009 An amphibious snake-like robot: design and motion experiments on ground and in water Int. Conf. on Information and Automation (IEEE) pp 500–5",Yu_etal_2009,Robot,
Manfredi L et al 2013 A bioinspired autonomous swimming robot as a tool for studying goal-directed locomotion Biol. Cybern. 107 513–27,Manfredi_etal_2014,Robot,
"Bayat B, Crespi A and Ijspeert A 2016 Envirobot: a bio- inspired environmental monitoring platform IEEE/OES Conf. Autonomous Underwater Vehicles (Tokyo, Japan) (https://doi. org/10.1109/AUV.2016.7778700)",Bayat_etal_2016,Robot,
Williams T M 1989 Swimming by sea otters: adaptations for low energetic cost locomotion J. Comparative Physiol. A 164 815–24,Williams_1989,Misc,
Nicolas G and Bideau B 2009 A kinematic and dynamic comparison of surface and underwater displacement in high level monofin swimming Hum. Mov. Sci. 28 480–93,Nicolas_Bideau_2009,Misc,
"Zarrouk D, Mann M, Degani N, Yehuda T, Jarbi N and Hess A 2016 Single actuator wave-like robot (SAW): design, modeling, and experiments Bioinspiration Biomimetics 11 046004",Zarrouk_etal_2016,Robot,
"Leftwich M C, Tytell E D, Cohen A H and Smits A J 2012 Wake structures behind a swimming robotic lamprey with a passively flexible tail J. Exp. Biol. 215 416–25",Leftwich_etal_2012,Robot,
"Maurya P, Aguiar A P and Pascoal A 2009 Marine vehicle path following using inner-outer loop control IFAC Proc. Volumes (8th IFAC Conf. on Manoeuvring and Control of Marine Craft) vol 42 pp 38–43",Maurya_etal_2009,Misc,
"Paschal T 2017 Undulatory swimming versus propeller based Technical Report BioRob, EPFL",Paschal_2017,Misc,
"Struebig, K., Bayat, B., Eckert, P., Looijestijn, A., Lueth, T. C., & Ijspeert, A. J. (2020). Design and development of the efficient anguilliform swimming robot-MAR. Bioinspiration and Biomimetics, 15(3), 035001. https://doi.org/10.1088/1748-3190/ab6be0",Struebig_etal_2020,Robot,checked
"Taylor, G. K., Nudds, R. L., and Thomas, A. L., 2003, “Flying and Swimming Animals Cruise at a Strouhal Number Tuned for High Power Efficiency,” Nature, 425(6959), pp. 707–711",Taylor_etal_2003,Fish,
"Lighthill, M. J., 2006, “Note on the Swimming of Slender Fish,” J. Fluid Mech., 9(2), p. 305",Lighthill_2006,Fish,
"Anderson, J. M., and Chhabra, N. K., 2002, “Maneuvering and Stability Per- formance of a Robotic Tuna,” Integr. Comp. Biol., 42(1), pp. 118–126.",Anderson_Chhabra_2002,Robot,
"Zhong, Y., Li, Z., and Du, R., 2018, “Robot Fish With Two-DOF Pectoral Fins and a Wire-Driven Caudal Fin,” Adv. Rob., 32(1), pp. 25–36",Zhong_etal_2018a,Robot,
"Liu, J., and Hu, H., 2010, “Biological Inspiration: From Carangiform Fish to Multi-Joint Robotic Fish,” J. Bionic Eng., 7(1), pp. 35–48",Liu_Hu_2010,Robot,
"y Alvarado, P. V., and Youcef-Toumi, K., 2003, “Modeling and Design Meth- odology of an Efficient Underwater Propulsion System,” Robotics and Applica- tions, Salzburg, Austria, June 25–27, pp. 161–166",y_Alvadaro_Youcef-Toumi_2003,Robot,
"Zhong, Y., Du, R., and Chiu, P. W., 2015, “Tadpole Endoscope: A Wireless Micro Robot Fish for Examining the Entire Gastrointestinal (GI) Tract,” HKIE Trans., 22(2), pp. 117–122",Zhong_etal_2003,Robot,
"Paxton, J. R., Eschmeyer, W. N., and Kirshner, D., 1998, Encyclopedia of Fishes, Academic Press, Singapore.",Paxton_etal_1998,Fish,
"Lauder, G. V., Anderson, E. J., Tangorra, J., and Madden, P. G., 2007, “Fish Biorobotics: Kinematics and Hydrodynamics of Self-Propulsion,” J. Exp. Biol., 210(Pt 16), pp. 2767–2780",Lauder_etal_2007,Robot,
"Anderson, J., Streitlien, K., Barrett, D., and Triantafyllou, M., 1998, “Oscillating Foils of High Propulsive Efficiency,” J. Fluid Mech., 360, pp. 41–72",Anderson_etal_1998,Robot,
"Wen, L., and Lauder, G., 2013, “Understanding Undulatory Locomotion in Fishes Using an Inertia-Compensated Flapping Foil Robotic Device,” Bioinspi- ration Biomimetics, 8(4), p. 046013",Wen_Lauder_2013,Robot,
"Zhong, Y., Song, J., Yu, H., and Du, R., 2018, “Towards a Transform Method From Lighthill Fish Swimming Model to Biomimetic Robot Fish,” IEEE Rob. Autom. Lett., 3(3), pp. 2632–2639.",Zhong_etal_2018b,Robot,
"Lauder, G. V., Lim, J., Shelton, R., Witt, C., Anderson, E., and Tangorra, J. L., 2011, “Robotic Models for Studying Undulatory Locomotion in Fishes,” Mar. Technol. Soc. J., 45(4), pp. 41–55.",Lauder_etal_2011,Robot,
"Wardle, C., Videler, J., and Altringham, J., 1995, “Tuning in to Fish Swimming Waves: Body Form, Swimming Mode and Muscle Function,” J. Exp. Biol., 198(Pt 8), pp. 1629–1636.",Wardler_etal_1995,Fish,
"Triantafyllou, M., Triantafyllou, G., and Yue, D., 2000, “Hydrodynamics of Fishlike Swimming,” Annu. Rev. Fluid Mech., 32(1), pp. 33–53",Triantafyllou_etal_2000,Fish,
"Lauder, G. V., and Tytell, E. D., 2005, “Hydrodynamics of Undulatory Propulsion,” Fish Physiol., 23, pp. 425–468",Lauder_Tytell_2005,Fish,
"Hover, F., Haugsdal, Ø., and Triantafyllou, M., 2004, “Effect of Angle of Attack Profiles in Flapping Foil Propulsion,” J. Fluids Struct., 19(1), pp. 37–47.",Hover_etal_2004,Robot,
"Lu, K., Xie, Y., and Zhang, D., 2013, “Numerical Study of Large Amplitude, Nonsinusoidal Motion and Camber Effects on Pitching Airfoil Propulsion,” J. Fluids Struct., 36, pp. 184–194",Lu_etal_2013,Robot,
"Long, J., Koob, T., Irving, K., Combie, K., Engel, V., Livingston, N., Lammert, A., and Schumacher, J., 2006, “Biomimetic Evolutionary Analysis: Testing the Adaptive Value of Vertebrate Tail Stiffness in Autonomous Swimming Robots,” J. Exp. Biol., 209(23), pp. 4732–4746",Long_etal_2006,Robot,
"Liu, J.-D., and Hu, H., 2006, “Biologically Inspired Behaviour Design for Autonomous Robotic Fish,” Int. J. Autom. Comput., 3(4), pp. 336–347.",Liu_Hu_2006,Robot,
"Zhong, Y., and Du, R., 2016, “Parametric Study of the Swimming Performance of a Novel Robot Fish With Active Compliant Propulsion Mechanism,” ASME Paper No. DETC2016-60575",Zhong_Du_2016b,Robot,
"Zhong, Y., Li, Z., and Du, R., 2017, “A Novel Robot Fish With Wire-Driven Active Body and Compliant Tail,” IEEE/ASME Trans. Mechatronics, 22(4), pp. 1633–1643",Zhong_etal_2017,Robot,
"Newman, J., and Wu, T., 1973, “A Generalized Slender-Body Theory for Fish- like Forms,” J. Fluid Mech., 57(4), pp. 673–693",Newman_Wu_1973,Fish,
"Epps, B. P., Valdivia y Alvarado, P., Youcef-Toumi, K., and Techet, A. H., 2009, “Swimming Performance of a Biomimetic Compliant Fish-like Robot,” Exp. Fluids, 47(6), pp. 927–939.",Epps_etal_2009,Robot,
"Fossen, T. I., 1994, Guidance and Control of Ocean Vehicles, Wiley, New York",Fossen_1994,Misc,
"Hoerner, S. F., and Borst, H. V., 1985, Fluid-Dynamic Lift: Practical Informa- tion on Aerodynamic and Hydrodynamic Lift, Hoerner Fluid Dynamics, Van- couver, WA",Hoerner_Bost_1985,Misc,
"Pedley, T., and Hill, S., 1999, “Large-Amplitude Undulatory Fish Swimming: Fluid Mechanics Coupled to Internal Mechanics,” J. Exp. Biol., 202(23), pp. 3431–3438.",Pedley_Hill_1999,Fish,
"Journ?ee, J., and Massie, W., 2000, Offshore Hydromechanics, TU Delft, Delft, The Netherlands.",Journee_Massie_2000,Misc,
"Bainbridge, R., 1958, “The Speed of Swimming of Fish as Related to Size and to the Frequency and Amplitude of the Tail Beat,” J. Exp. Biol., 35(1), pp. 109–133.",Bainbridge_1958,Fish,
"Videler, J., and Wardle, C., 1991, “Fish Swimming Stride by Stride: Speed Limits and Endurance,” Rev. Fish Biol. Fisheries, 1(1), pp. 23–40",Videler_Wardle_1991,Fish,
"Kaya, M., and Tuncer, I. H., 2007, “Nonsinusoidal Path Optimization of a Flap- ping Airfoil,” AIAA J., 45(8), pp. 2075–2082.",Kaya_Tuncer_2007,Robot,
"Clapham, R. J., and Hu, H., 2015, “iSplash: Realizing Fast Carangiform Swim- ming to Outperform a Real Fish,” Robot Fish, Springer, Berlin, pp. 193–218.",Clapham_Hu_2015,Robot,
"El Daou, H., Salumae, T., Chambers, L. D., Megill, W. M., and Kruusmaa, M., 2014, “Modelling of a Biologically Inspired Robotic Fish Driven by Compliant Parts,” Bioinspiration Biomimetics, 9(1), p. 016010.",El_Daou_etal_2014,Robot,
"Chowdhury, A. R., Kumar, V., Prasad, B., Kumar, R., and Panda, S., 2014, “Model-Based Control of a Bcf Mode Carangiform Bioinspired Robotic Fish,” Mar. Technol. Soc. J., 48(4), pp. 36–50",Chowdhury_etal_2014,Robot,
"Anderson, E. J., Mcgillis, W. R., and Grosenbaugh, M. A., 2001, “The Bound- ary Layer of Swimming Fish,” J. Exp. Biol., 204(Pt 1), pp. 81–102.",Anderson_etal_2001,Fish,
"Tytell, E. D., 2004, “Kinematics and Hydrodynamics of Linear Acceleration in Eels, Anguilla Rostrata,” Proc. R. Soc. London B: Biol. Sci., 271(1557), pp. 2535–2540.",Tytell_2004,Fish,
"Zhong, Y., Song, J., Yu, H., & Du, R. (2018). A study on kinematic pattern of fish undulatory locomotion using a robot fish. Journal of Mechanisms and Robotics, 10(4), 041013–1. https://doi.org/10.1115/1.4040434",Zhong_etal_2018c,Robot,checked
"K. Streitlien, G. S. Triantafyllou, and M. S. Triantafyllou, “Efficient foil propulsion through vortex control,” AIAA Journal, Vol. 34, 1996, pages 2315–2319",Streitlien_etal_1996,Robot,
"S. Guo, T. Fukuda, Norihiko KATO, Keisuke OGURO. “Development of Underwater Microrobot Using ICPF Actuator”. Proceedings of the IEEE International Conference on Robotics and Automation, May 1998, pages 1829-1834.",Guo_etal_1998,Robot,
"J.J. Videler, “Fish Swimming”, London, UK: Chapman & Hall.1993. pages 121.",Videler_1993,Fish,
"Igor L. Y. Spierts, Johan L. Van Leeuwen. “Kinematics and muscle dynamics of C- and S-starts of carp(syprinus carpio L.)”. Journal of Experimental Biology, 202, 1999, pages 393-406",Igor_etal_1999,Fish,
"J. Liu and H. Hu, Building a 3D Simulator for Autonomous Navigation of Robotic Fishes, Proceedings of IEEE/RSJ Int. Conf. on Intelligent Robots and Systems, Sendai International Centre, Sendai, Japan, 28 Sept. - 2 Oct. 2004, pages 613-618",Liu_Hu_2004,Robot,
"J.Z. Yu, etc. A simplified Propulsive Model of Biomimetic Robot Fish and Its Realization. IEEE Transactions on Systems, Man and Cybernetics Part B: Cybernetics, Vol. 34, No. 4, 2004, pages 1798- 1810",Yu_etal_2004b,Robot,
"E.G. Drucker and G.V. Lauder. Wake dynamics and fluid forces of turning maneuvers in sunfish. Journal of Experimental Biology, 204, 2001, pages 431-442",Drucker_Lauder_2001,Fish,
"Liu, J., & Hu, H. (2005). Mimicry of Sharp Turning Behaviours in a Robotic Fish. Proceedings of the 2005 IEEE International Conference on Robotics and Automation Barcelona, Spain, April 2005.",Liu_Hu_2005,Robot,checked
"J. Yu, L. Wang and M. Tan, Geometric optimization of relative link lengths for biomimetic robotic fish, IEEE Trans. Robot. 23 (2007) 382–386",Yu_etal_2007,Robot,
"C. Zhou, M. Tan, Z. Cao, S. Wang, D. Creighton, N. Gu and S. Nahavandi, Kinematic modeling of a bio-inspired robotic fish, IEEE Int. Conf. Robotics and Automation, 2008. ICRA 2008, May 2008, pp. 695–699.",Zhou_etal_2008,Robot,
"Y. Zhang, J. He and K. H. Low, Parametric study of an underwater finned propulsor inspired by bluespotted ray, J. Bionic Eng. 9 (2012) 166–176",Zhang_etal_2012,Robot,
"Y. Zhang, J. He and G. Zhang, Measurement on morphology and ki- nematics of crucian vertebral joints, J. Bionic Eng. 8 (2011) 10–17.",Zhang_etal_2011,Fish,
"P. L. Nguyen, V. P. Do and B. R. Lee, Dynamic modeling and experi- ment of a fish robot with a flexible tail fin, J. Bionic Eng. 10 (2013) 39–45",Nguyen_etal_2013,Fish,
"M. J. Lighthill, Aquatic animal propulsion of high hydromechanical efficiency, J. Fluid Mech. 44 (1970) 265–301",Lighthill_1970,Fish,
"M. J. Lighthill, Large-amplitude elongated-body theory of fish loco- motion, Proc. R. Soc. Lond. B, Biol. Sci. 179 (1055) (1971) 125–138",Lighthill_1971,Fish,
"J. Z. Yu, M. Tan, S. Wang and E. Chen, Development of a biomimetic robotic fish and its control algorithm, IEEE Trans. Syst., Man, Cybern. B, Cybern. 34 (2004) 1798–1810",Yu_etal_2004,Robot,
"K. A. Morgansen, V. Duidam, R. J. Mason, J. W. Burdick and R. M. Murray, Nonlinear control methods for planar carangiform robot fish locomotion, in IEEE Int. Conf. Robotics and Automation, 2001. Proc. 2001 ICRA, Vol. 1 (2001), pp. 427–434",Morgansen_etal_2001,Robot,
"K. A. Morgansen, P. A. Vela and J. W. Burdick, Trajectory stabilization for a planar carangiform robot fish, in IEEE Int. Conf. Robotics and Automation, 2002. Proc. ICRA'02, Vol. 1 (2002), pp. 756–762.",Morgansen_etal_2002,Robot,
"K. A. Morgansen, B. I. Triplett and D. J. Klein, Geometric methods for modeling and control of free-swimming fin-actuated underwater vehicles, IEEE Trans. Robot. 23 (2007) 1184–1199",Morgansen_etal_2007,Robot,
"F. Boyer, M. Porez and W. Khalil, Macro-continuous computed torque algorithm for a three-dimensional eel-like robot, IEEE Trans. Robot. 22 (2006) 763–775.",Boyger_etal_2006,Robot,
"M. Sfakiotakis and D. P. Tsakiris, Biomimetic centering for undulatory robots, Int. J. Robot. Res. 26 (2007) 1267–1282.",Sfakiotakis_Tsakiris_2007,Robot,
"J. Yu, L. Wang, J. Shao and M. Tan, Control and coordination of multiple biomimetic robotic fish, IEEE Trans. Control Syst. Tech. 15(1) (2007) 176–183.",Yu_etal_2007b,Robot,
"Z. Su, J. Yu, M. Tan and J. Zhang, Closed-loop precise turning control for a bcf-mode robotic fish, 2010 IEEE/RSJ Int. Conf. Intelligent Robots and Systems (IROS) (2010), pp. 946–951",Su_etal_2010,Robot,
"J. Yu, M. Wang, Z. Su, M. Tan and J. Zhang, Dynamic modeling and its application for a cpg-coupled robotic fish, 2011 IEEE Int. Conf. Robotics and Automation (ICRA), 2011, pp. 159–164",Yu_etal_2011,Robot,
"K. A. McIsaac and J. P. Ostrowski, Open-loop verification of motion planning for an underwater eel-like robot, 7th Int. Symp. Experi- mental Robotics,11–13 December, 2000, pp. 271–280",McIsaac_Ostrowski_2000b,Robot,
"J. Yu, L. Liu, L. Wang, M. Tan and D. Xu, Turning control of a multilink biomimetic robotic fish, IEEE Trans. Robot. 24 (2008) 201–206",Yu_etal_2008,Robot,
"K. H. Low, C. Zhou and Y. Zhong, Gait planning for steady swimming control of biomimetic fish robots, Adv. Robot. 23(7–8) (2009) 805– 829.",Low_etal_2009,Robot,
"K. A. McIsaac and J. P. Ostrowski, Motion planning for anguilliform locomotion, IEEE Trans. Robot. Autom. 19 (2003) 637–652.",McIsaac_Ostrowski_2003,Fish,
"A. J. Ijspeert, Central pattern generators for locomotion control in animals and robots: A review, Neural Netw. 21 (2008) 642–653.",Ijspeet_2008,Robot,
"J. Colgate and K. Lynch, Mechanics and control of swimming: A re- view, IEEE J. Ocean. Eng. 29 (2004) 660–673",Colgate_Lynch_2004,Fish,
"J. J. Craig Introduction to Robotics: Mechanics and Control (Addison- Wesley Longman Publishing Co., Inc., Boston, MA, USA, 1989).",Craig_1989,Robot,
"Y.-L. Yang, P. Chao and C.-K. Sung, Landing posture control for a generalized twin-body system using methods of inputcoutput line- arization and computed torque, IEEE/ASME Trans. Mechatronics 14(3) (2009) 326–336",Yang_Sung_2009,Misc,
"J. Slotine and W. Li, Applied Nonlinear Control (Prentice Hall, 1991",Slotine_Li_1991,Misc,
"W. Cao and J. Xu, Nonlinear integral-type sliding surface for both matched and unmatched uncertain systems, IEEE Trans. Autom. Control 49 (2004) 1355–1360.",Cao_Xu_2004,Misc,
"A. Smith, F. Mobasser and K. Hashtrudi-Zaad, Neural-network-based contact force observers for haptic applications, IEEE Trans. Robot. 22 (2006) 1163–1175",Smith_etal_2006,Misc,
"F. Hoppensteadt and E. Izhikevich, Weakly Connected Neural Net- works, Applied Mathematical Sciences, No. 126 (Springer, 1997)",Hoppensteadt_Izhikevich_1997,Misc,
"J. Yu, M. Wang, W. Wang, M. Tan and J. Zhang, Design and control of a fish-inspired multimodal swimming robot, 2011 IEEE Int. Conf. Ro- botics and Automation (ICRA), May 2011, pp. 3664–3669",Yu_etal_2011b,Robot,
"K. Seo, S.-J. Chung and J.-J. E. Slotine, CPG-based control of a turtle- like underwater vehicle, Autonom. Robots 28 (2010) 247–269",Keo_etal_2010,Robot,
"Y. Hu, W. Tian, J. Liang and T. Wang, Learning fish-like swimming with a cpg-based locomotion controller, 2011 IEEE/RSJ Int. Conf. Intelligent Robots and Systems (IROS), Septmeber 2011, pp. 1863– 1868",Hu_etal_2011,Robot,
"A. Crespi and A. Ijspeert, Online optimization of swimming and crawling in an amphibious snake robot, IEEE Trans. Robot. 24 (2008) 75–87",Crespi_Ijspeert_2008,Robot,
"J.-X. Xu and W. Wang, A general internal model approach for motion learning, IEEE Trans. Syst., Man, Cybern. B, Cybern. 38 (2008) 477– 487",Xu_Wang_2008,Misc,
"K. D'Aout and P. Aerts, A kinematic comparison of forward and backward swimming in the eel Anguilla anguilla, J. Exp. Biol. 202 (1999) 1511–1521",DAout_Aerts_1999,Fish,
"Niu, X., & Xu, J. (2014). Modeling, Control and Locomotion Planning of an Anguilliform Robotic Fish. Unmanned Systems, 02(04), 295–321. http://www.worldscientific.com/doi/abs/10.1142/S230138501440007X",Niu_Xu_2014,Robot,checked
"C. M. Breder, The locomotion of fishes, Zoologica, vol. 4, pp. 159-256, 1926.",Breder_1926,Fish,
"W. S. Hoar and D. J. Randall, Fish Physiology, pp. 9-11, 1978.",Hoar_Randall_1978,Fish,
"H. Sumoto and S. Yamaguchi, “A Study on Control Method of Artificial Muscle of Scale Up the Fish Type Robot,” Journal of the Japan Society of Naval Architects and Ocean Engineers, vol. 23, pp. 157-163, 2010.",Sumoto_Yamaguchi_2010,Robot,
"S. Fujiwara and S. Yamaguchi, “A Study on Swimming Performance of Fish Type Robots using Artificial Muscle and Servo Motor,” The Japan Society of Naval Architects and Ocean Engineers, vol. 19, pp. 307-310,",Fujiwara_Yamaguchi_2014,Robot,
"S. Fujiwara and S. Yamaguchi, “Development of Fish Type Robots swimming in a Complex Flow Field,” The Japan Society of Naval Architects and Ocean Engineers, vol. 21, 2015",Fujiwara_Yamaguchi_2015,Robot,
"K. Hirata, K. Harumi, T. Takimoto, K. Tamura, M. Makino, Y. Kodama and H. Tomita, “Fundamental Study on Fish Robots,” National Maritime Research Institute, vol. 2, no. 3, pp. 281-307, 2002.",Hirata_etal_2002,Robot,
"Y. Zhao, T. Usami, S. Abe and Y. Takada, “Effect of Phase Difference on Reverse Karman Vortex Street in Two-joint Small Robotic Fish,” The Japan Society of Mechanical Engineers, no. 15-2, 2A1-E01, 2015.",Zhao_etal_2015,Robot,
"T. Takeuchi, H. Nakata, T. Wada, H. Ueda, T. Arimoto, S. Watabe and A. Nakamae, A Handbook on Fisheries Science, pp. 208- 209, 2004",Takeuchi_etal_2004,Misc,
"M. Nagai, I. Teruya and T. Nakai, “Study on an Oscillating Wing Propulsion Ship,” The Japan Society of Mechanical Engineers, vol. 62, no. 597, 1996.",Nagai_etal_1996,Misc,
"M. Yokota, K. Yamamoto, Y. Taira, T. Handa and E. Morimoto, “Oxygen Consumption and Swimming Ability of Trachurus japonicas,” Journal of National Fisheries University, vol. 56, no.4, pp. 267- 271, 2008",Yokota_etal_2008,Misc,
"K. Onitsuka, J. Akiyama, A. Yamamoto, T. Watanabe and T. Waki, “Study on Burst Speed of Several Fishes Living in Rivers,” Journal of Japan Society of Civil Engineers, vol. 65, no. 4, pp. 296-307, 2009",Onitsuka_etal_2009,Fish,
"R. T. Jones, “Properties of Low Aspect Ratio Pointed Wings at Speeds Below and Above the Speed of Sound”, NACA, Rep. 835, 1946.",Jones_1946,Misc,
"J. R. Spreiter, “Aerodynamic Properties of Slender Wing-Body Combinations at Subsonic, Transonic, and Supersonic Speeds”, NACA, TN 1662, 1948.",Spreiter_1948,Misc,
"J. Weber, D. A. Kirby and D. J. Kettle, ”An Extension of Multhopp’s Method of Calculating the Spanwise Loading of Wing- Fuselage Combinations”, British A.R.C, R&M 2872, 1951",Weber_etal_1951,Misc,
"M. J. Lighthill, “Note on the Swimming of Slender Fish”, J. Fluid Mech, vol. 9, pp. 305-317, 1960",Lighthill_1960,Fish,
"M. J. Lighthill, “Hydrodynamic of Aquatic Animal Propulsion”, Anm.Rev.Fluid Mech, vol. 1, pp. 413-446, 1969.",Lighthill_1969,Fish,
"V. Kopman and M. Porfiri, “Design, Modeling, and Characterization of a Miniature Robotic Fish for Reserch and Education in Biomimetics and Bioinspiration,” IEEE/ASME Transactions on mechatronics, vol. 18, no. 2, April 2013",Kopman_Porfiri_2013,Robot,
"Fujiwara, S., & Yamaguchi, S. (2017). Development of fishlike robot that imitates carangiform and subcarangiform swimming motions. Journal of Aero Aqua Bio-Mechanisms, 6(1), 1–8.",Fujiwara_Yamaguchi_2017,Robot,
"Wen L, Wang T, Wu G, et al. ""Novel method for the modeling and control Electronics, IEEE Transactions on, 2012, 59(8): 3176-3188",Wen_etal_2012,Misc,
"Ren Q, Xu J, Yang S, et al. ""Design and implementation of a biomimetic robotic fish with 3D locomotion"", Control & Automation (ICCA), 11thIEEE International Conference on. IEEE, 2014: 139-144.",Ren_etal_2014,Robot,
"Jia Y, Wang L. ""Experimental implementation of distributed flocking algorithm for multiple robotic fish"". Control Engineering Practice, 2014,30: 1-11",Jia_Wang_2014,Robot,
"Triantafyllou M S, Triantafyllou G S, Yue D K P. ""Hydrodynamics of fishlike swimming"". Annual review of fluid mechanics, 2000, 32(1):33-53",Triantafyllou_Triantafyllou_2000,Fish,
"Wang Z, Hang G, Wang Y, et al. ""Embedded SMA wire actuated biomimetic fin: a module for biomimetic underwater propulsion"". Smar tMaterials and Structures, 2008, 17(2): 025039",Wang_etal_2008,Robot,
"Low K H, Yang J, Pattathil A P, et al. ""Initial prototype design and investigation of an undulating body by SMA"", Automation Science and investigation of an undulating body by SMA"", Automation Science and Engineering, 2006. CASE'06. IEEE International Conference on. IEEE,2006: 472-477",Low_etal_2006,Robot,
"Chen Z, Shatara S, Tan X. ""Modeling of biomimetic robotic fish propelled by an ionic polymer–metal composite caudal fin"". Mechatronics,IEEE/ASME Transactions on, 2010, 15(3): 448-459.",Chen_etal_2010,Robot,
"Tan X, Kim D, Usher N, et al. ""An autonomous robotic fish for mobile sensing"". Intelligent Robots and Systems, 2006 IEEE/RSJ International Conference on. IEEE, 2006: 5424-5429",Tan_etal_2006,Robot,
"P. V. y. Alvarado, ""Design of Biomimetic Compliant Devices for Locomotion in Liquid Environments,"" MIT PhD Thesis, 2007.",y_Alvarado_2007,Misc,
"Fiazza, C., et al. ""Biomimetic mechanical design for soft-bodied underwater vehicles."" OCEANS 2010 IEEE-Sydney. IEEE, 2010.",Fiazza_etal_2010,Robot,
"K. L. Feilich and G. V. Lauder, ""Passive mechanical models of fish caudal fins: effects of shape and stiffness on self-propulsion,"" Bioinspir Biomim, vol. 10, p. 036002, 2015.",Feilich_Lauder_2015,Robot,
"Kopman V, Laut J, Acquaviva F, et al. ""Dynamic modeling of a robotic fish propelled by a compliant tail"". Oceanic Engineering, IEEE Journal of, 2015, 40(1): 209-221",Kopman_etal_2015,Robot,
"Lee K. ""Large deflection of viscoelastic fiber beams"". Textile Research Journal, 2007, 77(1): 47-51",Lee_2007,Misc,
"Bisshopp K E, Drucker D C. ""Large deflection of cantilever beams"". Quarterly of Applied Mathematics, 1945, 3(1",Bisshopp_Drucker_1945,Misc,
"Haslach H W. ""Post-buckling behavior of columns with non-linear constitutive equations"". International journal of non-linear mechanics, 1985, 20(1): 53-67.",Haslach_1985,Misc,
"Yin Y Z, Wang Y C. ""A numerical study of large deflection behaviour of restrained steel beams at elevated temperatures"". Journal of Constructional Steel Research, 2004, 60(7): 1029-1047",Yin_Wang_2004,Misc,
"L. L. Howell, Compliant mechanisms: John Wiley & Sons, 2001.",Howell_2001,Misc,
"Yu Y Q, Howell L L, Lusk C, et al. ""Dynamic modeling of compliant mechanisms based on the pseudo-rigid-body model"". Journal of Mechanical Design, 2005, 127(4): 760-765.",Yu_etal_2005,Misc,
"Z. Li and R. Du, ""Design and analysis of a bio-inspired wire-driven multi-section flexible robot,"" Int J Adv Robotic Sy, vol. 10, 2013.",Li_Du_2013,Robot,
"Y. Zhong, Z. Li and R. Du, ""The design and prototyping of a wire-driven robot fish with pectoral fins,"" Robotics and Biomimetics (ROBIO), 2013 IEEE International Conference on. IEEE, 2013",Zhong_etal_2013,Robot,
"B. Liao, Z. Li, and R. Du, ""Robot fish with a novel biomimetic wire-driven flapping propulsor,"" Advanced Robotics, vol. 28, pp. 339-349, 2014",Liao_etal_2014,Robot,
"T. Y. Wu, ""Mathematical biofluiddynamics and mechanophysiology of fish locomotion,"" Mathematical Methods in the Applied Sciences, vol. 24, pp. 1541-1564, 2001",Wu_2001,Fish,
"H.-J. Su, ""A pseudorigid-body 3R model for determining large deflection of cantilever beams subject to tip loads,"" Journal of Mechanisms and Robotics, vol. 1, p. 021008, 2009",Su_2009,Misc,
"H.-J. Su, ""A load independent pseudo-rigid-body 3r model for determining large deflection of beams in compliant mechanisms,"" Proceedings of ASME IDETC/CIE (43260), pp. 109-121, 2008",Su_20098,Misc,
"G. Chen, B. Xiong, and X. Huang, ""Finding the optimal characteristic parameters for 3R pseudo-rigid-body model using an improved particle swarm optimizer,"" Precision Engineering, vol. 35, pp. 505-511, 2011.",Chen_etal_2011,Misc,
"Khoshnam M, Patel R V. ""A pseudo-rigid-body 3R model for a steerable ablation catheter"", Robotics and Automation (ICRA), 2013 IEEE International Conference on. IEEE, 2013: 4427-4432.",Khoshnam_Patel_2013,Misc,
"Čech M, Kubečka J. ""Sinusoidal cycling swimming pattern of reservoir fishes"". Journal of Fish Biology, 2002, 61(2): 456-471",Cech_Kubecka_2002,Fish,
"Wen L, Wu G, Li J. ""Hydrodynamic experimental investigation on efficient swimming of robotic fish using self-propelled method"". International Journal of Offshore and Polar Engineering, 2010, 20(03)",Wen_etal_2010,Robot,
"HARPER D G, BLAKE R W. ""Fast-start performance of rainbow trout Salmo gairdneri and northern pike Esox lucius"". Journal of Experimental Biology, 1990, 150(1): 321-342.",Harper_Black_1990,Fish,
"Zhong, Y., & Du, R. (2016). Design and Implementation of a Novel Robot Fish with Active and Compliant Propulsion Mechanism. Robotics: Science and Systems.",Zhong_Du_2016,Robot,checked
"T. Fukuda, F. Chen, andQ. Shi, Bio-Inspired Robotics. Basel, Switzerland: Appl. Sci., 2018.",Fukuda_etal_2018,Robot,
"J. Gray, “Studies in animal locomotion: I. The movement of fish with special reference to the eel,” J. Exp. Biol., vol. 10, no. 1, pp. 88–104, 1933.",Gray_1933,Fish,
"M. J. Lighthill, Mathematical Biofluiddynamics. Philadelphia, PA, USA: SIAM Soc. Ind. Appl. Math., 1975",Lighthill_1975,Misc,
"P. V. y. Alvarado and K. Youcef-Toumi, “Design of machines with com- pliant bodies for biomimetic locomotion in liquid environments,” ASME J. Dyn. Syst., Meas., Control, vol. 128, no. 1, pp. 3–13, 2006.",y_Alvadaro_Youcef-Toumi_2006,Robot,
"B. Chen and H. Jiang, “Swimming performance of a tensegrity robotic fish,” Soft Robot., vol. 6, no. 4, pp. 520–531, 2019",Chen_Jiang_2009,Robot,
"J. Yu, Z. Su, M. Wang, M. Tan, and J. Zhang, “Control of yaw and pitch maneuvers of a multilink dolphin robot,” IEEE Trans. Robot., vol. 28, no. 2, pp. 318–329, Apr. 2012.",Yu_etal_2012,Robot,
"J. Yu, M. Wang, M. Tan, and J. Zhang, “Three-dimensional swimming,” IEEE Robot. Autom. Mag., vol. 18, no. 4, pp. 47–58, Dec. 2011",Yu_etal_2011c,Robot,
"L. Wen, T. Wang, G. Wu, and J. Liang, “Quantitative thrust efficiency of a self-propulsive robotic fish: Experimental method and hydrodynamic investigation,” IEEE/ASMETrans. Mechatronics, vol. 18, no. 3, pp. 1027– 1038, Jun. 2013.",Wen_etal_2013,Robot,
"A. D. Marchese, C. D. Onal, and D. Rus, “Autonomous soft robotic fish capable of escape maneuvers using fluidic elastomer actuators,” Soft Robot., vol. 1, no. 1, pp. 75–87, 2014",Marchese_etal_2014,Robot,
"E. Donati et al., “Investigation of collective behaviour and electrocommu- nication in the weakly electric fish, Mormyrus rume, through a biomimetic robotic dummy fish,” Bioinspiration Biomimetics, vol. 11, no. 6, 2016, Art. no. 66009.",Donati_etal_2016,Robot,
"E. Marder and D. Bucher, “Central pattern generators and the control of rhythmic movements,” Current Biol., vol. 11, no. 23, pp. R986–R996, 2001",Marder_Bucher_2001,Misc,
"A. Crespi, D. Lachat, A. Pasquier, and A. J. Ijspeert, “Controlling swim- ming and crawling in a fish robot using a central pattern generator,” Auton. Robots, vol. 25, no. 1/2, pp. 3–13, 2008.",Crespi_etal_2008,Robot,
"J. Yu, R. Ding, Q. Yang, M. Tan, and J. Zhang, “Amphibious pattern design of a robotic fish with wheel-propeller-fin mechanisms,” J. Field Robot., vol. 30, no. 5, pp. 702–716, 2013",Yu_etal_2013,Robot,
"J. Yu, C. Wang, and G. Xie, “Coordination of multiple robotic fish with applications to underwater robot competition,” IEEETrans. Ind. Electron., vol. 63, no. 2, pp. 1280–1288, Feb. 2016",Yu_etal_2016,Robot,
"L. Manfredi et al., “A bioinspired autonomous swimming robot as a tool for studying goal-directed locomotion,” Biol. Cybern., vol. 107, no. 5, pp. 513–527, 2013",Manfredi_etal_2013,Robot,
"M.Wang, H. Dong, X. Li, Y. Zhang, and J. Yu, “Control and optimization of a bionic robotic fish through a combination of CPG model and PSO,” Neurocomputing, vol. 337, pp. 144–152, 2019.",Wang_etal_2019,Robot,
"J. Yu, Z. Wu, M. Wang, and M. Tan, “CPG network optimization for a biomimetic robotic fish via PSO,” IEEE Trans. Neural Netw. Learn. Syst., vol. 27, no. 9, pp. 1962–1968, Sep. 2016.",Yu_etal_2016b,Robot,
"W. Zhao,Y. Hu, L. Zhang, andL.Wang, “Design and CPG-based control of biomimetic robotic fish,” IETControl Theory Appl., vol. 3, no. 3, pp. 281– 293, 2009.",Zhao_etal_2009,Robot,
"S. Zhang, B. Liu, L. Wang, Q. Yan, K. H. Low, and J. Yang, “Design and Implementation of a lightweight bioinspired pectoral fin driven by SMA,” IEEE/ASME Trans. Mechatronics, vol. 19, no. 6, pp. 1773–1785, Dec. 2014",Zhang_etal_2014,Robot,
"R. K. Katzschmann, J. DelPreto, R. MacCurdy, and D. Rus, “Exploration of underwater life with an acoustically controlled soft robotic fish,” Sci. Robot., vol. 16, no. 3, 2018, Art. no. r3449.",Katzschmann_etal_2018,Robot,
"Z. Li and R. Du, “Design and analysis of a biomimetic wire-driven flapping propeller,” in Proc. 4th IEEERASEMBSInt. Conf. Biomed. Robot. Biomechatronics, 2012, pp. 276–281",Li_Du_2012,Robot,
"Z. Li, W. Gao, R. Du, and B. Liao, “Design and analysis of a wire-driven robot tadpole,” in Proc. ASME Int. Mech. Eng. Congr. Expo., 2012, pp. 297–303.",Li_etal_2012,Robot,
"Z. Li, R. Du, Y. Zhang, and H. Li, “Robot fish with novel wire-driven continuum flapping propulsor,” Appl.Mechanics Mater., vol. 300, pp. 510– 514, 2013",Li_etal_2013,Robot,
"B. Liao, Z. Li, and R. Du, “Robot tadpole with a novel biomimetic wire- driven propulsor,” in Proc. IEEE Int. Conf. Robot. Biomimetics, 2012, pp. 557–562.",Liao_etal_2012,Robot,
"R. M. Alexander, Elastic Mechanisms in Animal Movement. Cambridge, U.K.: Cambridge Univ. Press, 1988",Alexander_1988,Misc,
"D. W. Linzey, Vertebrate Biology. Baltimore, MD, USA: The Johns Hopkins Univ. Press, 2012",Linzey_2012,Misc,
"J. Yu, R. Ding, Q. Yang, M. Tan, W. Wang, and J. Zhang, “On a Bio- inspired amphibious robot capable of multimodal motion,” IEEE/ASME Trans. Mechatronics, vol. 17, no. 5, pp. 847–856, Oct. 2012.",Yu_etal_2012b,Robot,
"J. Wang, P. K. McKinley, and X. Tan, “Dynamic modeling of robotic fish with a base-actuated flexible tail,” ASME J. Dyn. Syst., Meas., Control, vol. 137, no. 1, 2015, Art. no. 11004.",Wang_etal_2015,Robot,
"Z. Bing, L. Cheng, K. Huang, M. Zhou, and A. Knoll, “CPG-based control of smooth transition for body shape and locomotion speed of a snake-like robot,” in Proc. IEEE Int. Conf. Robot. Autom., 2017, pp. 4146–4153",Bing_etal_2017,Robot,
"T. Wang, Y. Hu, and J. Liang, “Learning to swim: A dynamical systems approach to mimicking fish swimming with CPG,” Robotica, vol. 31, no. 3, pp. 361–369, 2013.",Wang_etal_2013,Robot,
"R. M. Alexander, Principles ofAnimal Locomotion. New Jersey, NJ, USA: Princeton Univ. Press, 2003",Alexander_2003,Misc,
"M. S. Triantafyllou, G. S. Triantafyllou, and R. Gopalkrishnan, “Wake mechanics for thrust generation in oscillating foils,” Phys. Fluids A, Fluid Dyn., vol. 3, no. 12, pp. 2835–2837, 1991.",Triantafyllou_Triantafyllou_1991,Robot,
"Xie, F., Li, Z., Ding, Y., Zhong, Y., & Du, R. (2020). An Experimental Study on the Fish Body Flapping Patterns by Using a Biomimetic Robot Fish. IEEE Robotics and Automation Letters, 5(1), 64–71. https://doi.org/10.1109/LRA.2019.2941827",Xie_etal_2020,Robot,checked